feature_name,feature_group,model_role,include_for_audit,target_game_univ_auc,target_game_univ_logloss_lift_pct,target_game_univ_p,target_game_univ_q_fdr,target_game_univ_odds_ratio,target_game_multivar_coef_std,target_game_sign_stability_pct,target_game_perm_importance_pctile,target_game_shap_importance_pctile,target_game_ablation_logloss_delta_pct,target_champ_univ_auc,target_champ_univ_logloss_lift_pct,target_champ_univ_p,target_champ_univ_q_fdr,target_champ_univ_odds_ratio,target_champ_multivar_coef_std,target_champ_sign_stability_pct,target_champ_perm_importance_pctile,target_champ_shap_importance_pctile,target_champ_ablation_logloss_delta_pct,target_roundflags_auc_avg,target_roundflags_perm_importance_pctile,importance_rank_stability_std,cutoff_significance_band,cutoff_univariate_band,cutoff_multivariate_band,cutoff_stability_band,overall_recommendation,recommendation_reason,notes
Season,identity_or_label,id_or_label,0,,,,,,,,,,,,,,,,,,,,,,,,,,,,,,
TeamID,identity_or_label,id_or_label,0,,,,,,,,,,,,,,,,,,,,,,,,,,,,,,
TeamName,identity_or_label,id_or_label,0,,,,,,,,,,,,,,,,,,,,,,,,,,,,,,
ConfAbbrev,identity_or_label,id_or_label,0,,,,,,,,,,,,,,,,,,,,,,,,,,,,,,
is_tourney_team,identity_or_label,id_or_label,0,,,,,,,,,,,,,,,,,,,,,,,,,,,,,,
tourney_seed_num,identity_or_label,id_or_label,1,0.7765175383322831,18.548462501779646,1.9800188720189343e-120,1.386013210413254e-118,0.30144837015639236,-0.30868467383100284,100.0,78.57142857142857,,-0.3014360615610201,0.930344827586207,24.11884801778634,4.5906889938428725e-06,2.9213475415363733e-05,0.017034453541842503,-0.49801268163518664,100.0,100.0,,3.6156294510871803,0.8679808488311026,99.64285714285714,12.269992709388028,strong,strong,core_level,stable,core,High contribution and stable over time,
kp_tempo,kenpom,feature,1,0.5206460656096087,0.05976949807674702,0.05565919295247041,0.06603633062157506,1.0738468228473736,0.23236261173675254,100.0,77.14285714285715,,0.07116929208728326,0.6045768025078371,0.48244846155232046,0.0562505392045527,0.09603750595899242,1.51965662895514,0.0,0.0,48.57142857142857,,0.007166058747881861,0.5237498352760538,61.607142857142854,14.303931836610337,weak,weak,low,stable,situational,Mixed evidence; keep for now pending pruning phase,
kp_ranktempo,kenpom,feature,1,0.518581863887472,0.04069189653970023,0.12012151448483768,0.1356210647409458,0.943837815914733,-0.05324321573228109,60.0,8.571428571428571,,-0.025273660654678027,0.6156426332288402,0.29130195591388974,0.06597150430709012,0.10443835594773786,0.6586036714873135,0.004900441583440974,20.0,71.42857142857143,,-0.026700751622873425,0.5256741933208713,77.5,38.16418611788828,not_significant,weak,low,unstable,low_value,Low signal across statistical and predictive checks,
kp_adjtempo,kenpom,feature,1,0.5120758658430816,-0.00012716001119191558,0.24328817923017465,0.25803291736533673,1.0443362962283964,0.04741779964698876,60.0,35.714285714285715,,-0.008283378935833105,0.5727899686520377,-0.4376953961166651,0.20252120200401547,0.2535970885024157,1.3209298395124915,0.0,0.0,48.57142857142857,,0.005112693066182393,0.5200299068800338,53.21428571428571,9.065614934998056,not_significant,near_noise,low,unstable,low_value,Low signal across statistical and predictive checks,
kp_rankadjtempo,kenpom,feature,1,0.5119334578331788,0.0036452492714184113,0.29453532540317606,0.30772347430182573,0.9617880308789106,0.12956163839970752,80.0,62.857142857142854,,-0.0569448413787907,0.5811755485893417,-0.5248502024553529,0.18710751926040947,0.2444723840525278,0.7469185796648297,0.037958878327744514,40.0,82.85714285714286,,-0.03093042420713693,0.5237939335341383,61.964285714285715,11.813189475253132,not_significant,near_noise,low,stable,low_value,Low signal across statistical and predictive checks,
kp_oe,kenpom,feature,1,0.684805827392919,8.361969351609815,1.8167470735180252e-63,1.2717229514626176e-62,2.1146669914407816,0.2618235548381982,100.0,85.71428571428571,,-0.03159736101499585,0.8392789968652037,14.442980626272861,5.856251904986138e-09,8.198752666980593e-08,4.32909352758714,0.3178413709515789,100.0,91.42857142857143,,-0.8829511486296198,0.7390441761715298,46.07142857142857,24.703169809549863,strong,strong,low,mostly_stable,situational,Useful but target-specific or context-dependent,
kp_rankoe,kenpom,feature,1,0.6744867239061136,7.049190245272586,7.758927682936702e-53,4.526041148379743e-52,0.4986470676848612,-0.040104739622173625,40.0,12.857142857142856,,-0.056820523827057115,0.8655485893416928,11.848722779492924,0.00011660718899067472,0.00048014724878513116,0.016539544978831304,0.0,0.0,48.57142857142857,,0.0010374421881758204,0.7568987294675513,69.64285714285714,28.70578528526153,strong,strong,low,unstable,situational,Useful but target-specific or context-dependent,
kp_adjoe,kenpom,feature,1,0.7476022825289186,14.74415455365414,6.602320097689413e-96,1.5405413561275296e-94,2.9635990501628875,0.23599888261209032,100.0,92.85714285714286,,0.15253425362174494,0.8781974921630094,18.960897862284625,3.253647845181439e-10,7.591844972090024e-09,6.509566402562677,0.24821303397306327,100.0,84.28571428571429,,-0.12410505900123373,0.795065201054136,92.49999999999999,4.848907584384827,strong,strong,situational,stable,situational,Useful but target-specific or context-dependent,
kp_rankadjoe,kenpom,feature,1,0.7380473718577958,13.128303238771059,3.762716336958707e-78,3.7627163369587066e-77,0.3368562152257126,-0.042874114874941915,40.0,2.857142857142857,,-0.05303931988645109,0.8996081504702194,13.26300161989707,4.1146443241270004e-05,0.0001920167351259267,0.0005140046493337463,0.0,0.0,48.57142857142857,,0.0007366986589904589,0.81003835409979,45.89285714285714,25.654900010676773,strong,strong,low,unstable,situational,Useful but target-specific or context-dependent,
kp_de,kenpom,feature,1,0.6347248834421397,4.0760484702159,9.391855924862576e-35,4.108936967127377e-34,0.6070046515916135,-0.05009637289508738,40.0,47.14285714285714,,-0.022201788924954374,0.7100470219435737,3.62300285081075,0.0006864599971261908,0.002089226078210146,0.466241696558286,0.0,0.0,48.57142857142857,,-0.0030918480903683295,0.6701312786534259,37.67857142857142,5.91985159080385,strong,strong,low,unstable,situational,Useful but target-specific or context-dependent,
kp_rankde,kenpom,feature,1,0.6304264476917281,3.582827587254224,1.1740906359822766e-30,4.3255970799347034e-30,0.6265074923703158,-0.06637446325229983,80.0,31.428571428571427,,-0.1278550318995596,0.7391379310344828,5.863592925235333,0.0014921095021316337,0.003730273755329084,0.22861508660889016,-0.10221688480663374,60.0,80.0,,-0.07601936200731584,0.6819071090179852,25.714285714285715,29.829447168315856,strong,strong,low,unstable,situational,Useful but target-specific or context-dependent,
kp_adjde,kenpom,feature,1,0.7251320608058388,11.987602677182808,9.7828223515673e-83,1.1413292743495184e-81,0.388407307911375,-0.11113630921980855,80.0,1.4285714285714286,,-0.025064013994848634,0.7957993730407523,8.268098829833978,1.0336292470005682e-05,6.0295039408366474e-05,0.3056941229960796,-0.11594843970961868,80.0,75.71428571428571,,-0.2830748657101036,0.7680983116065493,26.07142857142857,37.83748366458884,strong,strong,low,unstable,situational,Useful but target-specific or context-dependent,
kp_rankadjde,kenpom,feature,1,0.7231688306492519,12.161927609800342,1.1413610074612418e-76,8.877252280254104e-76,0.3627083219805097,-0.6447870155941391,100.0,100.0,,0.26460701325642344,0.8012068965517242,9.242157636447205,0.00044776967032517936,0.0015671938461381278,0.044134493886917384,-0.06791704305392085,60.0,22.857142857142858,,-0.1442753492403367,0.7723231070736825,10.0,48.67635724971663,strong,strong,situational,unstable,situational,Useful but target-specific or context-dependent,
kp_adjem,kenpom,feature,1,0.7942085186661656,21.639027113548863,5.160829532731955e-117,1.8062903364561844e-115,4.414781622384598,0.41588325767892853,100.0,97.14285714285714,,0.04297067260976604,0.9301253918495298,27.30292537275379,7.28408017259754e-12,2.549428060409139e-10,15.448023638050984,0.44173989482862863,100.0,98.57142857142858,,-0.3574189591897219,0.8659959531541981,97.85714285714286,0.7142857142857224,strong,strong,low,stable,situational,Useful but target-specific or context-dependent,
kp_rankadjem,kenpom,feature,1,0.7806654692963092,18.863283930768475,5.28436448674009e-90,9.247637851795158e-89,0.21452102497641815,0.19516126005304937,80.0,90.0,,0.3281946621385972,0.9334482758620689,15.344533630164262,4.085526032236944e-06,2.8598682225658605e-05,2.4121407327191023e-06,0.0,0.0,48.57142857142857,,-0.005117650866366725,0.8695560689286485,42.5,25.850334541710815,strong,strong,useful,unstable,strong_but_unstable,Strong predictive impact with unstable fold behavior,
rs_games,regular_season,feature,1,0.6402749855805937,4.271796232415571,1.6200375149724298e-35,7.560175069871339e-35,1.6929767052028215,0.20261656134222203,100.0,71.42857142857143,,0.05540229279739817,0.7229310344827586,1.264933342323576,0.008664281401289449,0.01845619027745281,2.5150283571308556,0.3745873585845002,100.0,90.0,,-2.5179612509221707,0.6431649673599622,31.07142857142857,30.127986627574245,strong,strong,low,unstable,situational,Useful but target-specific or context-dependent,
rs_wins,regular_season,feature,1,0.7059617517804573,10.72307705179079,3.236044976949841e-77,2.831539354831111e-76,2.3976133823753054,0.04001921672067556,20.0,10.0,,-0.019873879642825013,0.8789498432601881,17.14282196824361,1.561596324952749e-09,2.732793568667311e-08,4.725863596502288,0.05459087259255439,60.0,20.0,,0.18139109921429666,0.782560369785992,13.571428571428573,5.0675706318554194,strong,strong,low,unstable,situational,Useful but target-specific or context-dependent,
rs_avg_pts_for,regular_season,feature,1,0.6291090545298845,3.9172309347529355,5.580864695451031e-34,2.298003109891601e-33,1.6297157032508611,0.0,0.0,27.142857142857142,,0.00015249752744514466,0.7892006269592476,9.157349669081391,4.061518725680116e-07,3.5538288849701017e-06,3.0020452012973355,0.08334404789052494,60.0,7.142857142857142,,-0.379820811242516,0.6634140412641782,50.0,21.444438569900385,strong,strong,low,mostly_stable,situational,Useful but target-specific or context-dependent,
rs_avg_pts_against,regular_season,feature,1,0.583009581344265,1.573384660075585,2.585758911833637e-15,5.445236639622661e-15,0.7379126031133441,-0.008282466545465566,20.0,11.428571428571429,,0.00025949763942140544,0.5712852664576803,-0.9686876993164873,0.20650048635196705,0.2535970885024157,0.7616364430414343,0.0,0.0,48.57142857142857,,0.002792890913797523,0.6031008037393095,50.0,21.868500006104824,strong,moderate,low,mostly_stable,situational,Useful but target-specific or context-dependent,
rs_avg_margin,regular_season,feature,1,0.7270171808834154,13.116542311265569,3.8220601674448714e-88,5.35088423442282e-87,2.725344291938295,0.19362062408029895,100.0,48.57142857142857,,-0.0005587485859498187,0.9046551724137931,22.48600840700215,6.127420661656274e-12,2.549428060409139e-10,4.683765258060783,0.3354404370647759,100.0,94.28571428571428,,0.15858231515579463,0.8045775328565661,62.14285714285714,23.4774461172947,strong,strong,situational,mostly_stable,situational,Useful but target-specific or context-dependent,
rs_margin_std,regular_season,feature,1,0.5605655550745117,0.9029902188999505,5.842095652429899e-10,9.736826087383166e-10,1.264945165671876,-0.05154405876443162,40.0,82.85714285714286,,0.08633988645970525,0.6614420062695925,1.1763218290278872,0.021959653810773642,0.041545290993355535,1.5991156122879173,0.0017222730604235354,20.0,28.57142857142857,,-0.01395049336916009,0.5579284585056327,73.57142857142857,29.034930874454545,strong,moderate,low,unstable,situational,Useful but target-specific or context-dependent,
rs_fgm,regular_season,feature,1,0.646619762516783,4.931759946697901,2.0277838905073337e-41,1.0918836333501027e-40,1.740506695330266,0.03139662085765392,40.0,7.142857142857142,,-0.005232645891641548,0.7929937304075235,9.34706891514629,1.6183771505514856e-07,1.6183771505514855e-06,2.9183631508947756,0.08598364526180657,80.0,18.571428571428573,,0.032962247307059,0.6803219182869163,59.64285714285714,27.60955296570349,strong,strong,low,unstable,situational,Useful but target-specific or context-dependent,
rs_fga,regular_season,feature,1,0.5956674625321668,2.126146408431127,5.3755721398935924e-20,1.2543001659751716e-19,1.4298571070289687,0.0,0.0,27.142857142857142,,-0.00010316978934281308,0.6888557993730408,3.3382397613872246,0.0006176264137856699,0.0019651749529544043,2.1610786171544105,0.011820936900349879,20.0,24.285714285714285,,-0.27076503535963603,0.6074540820965961,54.464285714285715,16.660181561431557,strong,strong,low,mostly_stable,situational,Useful but target-specific or context-dependent,
rs_fgm3,regular_season,feature,1,0.5363219011612206,0.2200920531083284,0.000352103220010389,0.0004707655425252871,1.1429642588771358,0.001552524586499084,20.0,32.857142857142854,,-0.0005725007667273369,0.5847021943573667,-0.15907319597050693,0.0792795255558598,0.11807588912574865,1.4429177022587758,0.011835767278774282,20.0,17.142857142857142,,-0.060395230413586166,0.5457358687290378,53.214285714285715,18.08544534517559,strong,near_noise,low,mostly_stable,situational,Mixed evidence; keep for now pending pruning phase,
rs_fga3,regular_season,feature,1,0.5153805413504756,-0.012804255345781723,0.13521169863847965,0.14788779538583713,1.0571371086119783,-0.024661806007832333,60.0,21.428571428571427,,-0.014684615544786225,0.5125391849529781,-1.229573649409458,0.5002170266106499,0.5471123728553984,1.1526640191445403,0.0,0.0,48.57142857142857,,0.0030000652930452544,0.5151326584783138,58.75000000000001,19.292602385440933,not_significant,near_noise,low,mostly_stable,low_value,Low signal across statistical and predictive checks,
rs_ftm,regular_season,feature,1,0.5112171312549384,0.012043661566476743,0.1628553209226855,0.1753826533013536,1.0532679413133421,-0.13232298415012253,40.0,84.28571428571429,,0.031720039284914694,0.571974921630094,-1.2353505439778751,0.2036991720868715,0.2535970885024157,1.3113279449630888,0.0,0.0,48.57142857142857,,0.0035850083930652416,0.5194787359989663,31.785714285714285,26.812684834369183,not_significant,near_noise,low,unstable,low_value,Low signal across statistical and predictive checks,
rs_fta,regular_season,feature,1,0.5000345303702942,-0.01869154253487169,0.8839792689585921,0.8967905627116152,1.00543623164517,-0.13599194849784704,80.0,74.28571428571429,,-0.014617110541036302,0.5330094043887148,-1.1954016765172917,0.5680183648373923,0.6117120852094994,1.129915984262525,0.0,0.0,48.57142857142857,,0.0006849224282048092,0.507477322327127,68.21428571428571,13.440787250185979,not_significant,near_noise,low,stable,low_value,Low signal across statistical and predictive checks,
rs_orb,regular_season,feature,1,0.5948211112492325,1.8075736301998109,2.5446849366500794e-17,5.746062760177599e-17,1.3866268129486188,0.012767733346503945,40.0,18.571428571428573,,-0.0012920030311781635,0.66641065830721,3.5625605547039307,0.00204279007292334,0.004918325847621328,2.009179732464103,0.1377414674951269,80.0,85.71428571428571,,-0.3148271667931991,0.5790582131758788,22.32142857142857,37.729034138270784,strong,strong,low,unstable,situational,Useful but target-specific or context-dependent,
rs_drb,regular_season,feature,1,0.5675135418586674,1.1851474339484127,8.006819191620249e-12,1.437121393367737e-11,1.2980788107616805,-0.25270719780945683,80.0,95.71428571428572,,-0.23757338351961987,0.7061755485893417,3.0478260538376265,0.0024079341588151555,0.0054372706811955124,1.8750240725978813,-0.038816184332898566,20.0,81.42857142857143,,-1.2996432210787385,0.6064504500403054,51.42857142857142,22.602751021534896,strong,strong,low,mostly_stable,situational,Useful but target-specific or context-dependent,
rs_ast,regular_season,feature,1,0.6211594488667133,3.122315578896723,1.1739257311351066e-27,3.572817442585107e-27,1.539830201412034,-0.16750582856152635,80.0,87.14285714285714,,-0.10216312712978755,0.7412539184952978,6.8477990246874745,1.7906775180254857e-05,9.642109712444922e-05,2.4138352496989803,0.0004396052121135792,20.0,31.428571428571427,,-0.0015455855333491773,0.6404255110993268,82.14285714285714,30.82482875908982,strong,strong,low,unstable,situational,Useful but target-specific or context-dependent,
rs_to,regular_season,feature,1,0.5806741376099555,1.616471430917286,3.087550277522307e-16,6.754016232080047e-16,0.7294996052137657,-0.006724428832760138,20.0,34.285714285714285,,0.0019895642686298984,0.5518495297805642,-1.2183924546118532,0.48463252861704453,0.5384805873522717,0.8587314051978026,0.0,0.0,48.57142857142857,,0.0013094724274897572,0.5683268546098791,42.32142857142857,7.161434175902359,strong,moderate,low,unstable,situational,Useful but target-specific or context-dependent,
rs_stl,regular_season,feature,1,0.5531434305851445,0.5214536462315652,3.5376764215270213e-06,5.15911144806024e-06,1.190363379539454,-0.01926671765424692,60.0,15.714285714285714,,-0.0563849030383625,0.6049529780564263,0.1149710448725196,0.049576726478644834,0.08748881275891461,1.4817782332121194,0.06646389029390366,80.0,68.57142857142857,,-0.30712172747979244,0.5590222758870842,30.0,27.342623276105886,strong,weak,low,unstable,situational,Mixed evidence; keep for now pending pruning phase,
rs_blk,regular_season,feature,1,0.6139266460627519,2.9885772410397573,2.966139554310583e-26,8.305190752069632e-26,1.5294100878649755,0.19006630773320699,100.0,72.85714285714285,,0.16760812912089038,0.7414890282131661,7.301764787771573,2.2037240297986043e-06,1.7140075787322478e-05,2.1770854695148047,0.275014165546113,100.0,14.285714285714285,,-0.5624280823957692,0.6296867631811806,37.857142857142854,29.470958840288624,strong,strong,situational,unstable,situational,Useful but target-specific or context-dependent,
rs_pf,regular_season,feature,1,0.5808372638420347,1.6020985253595688,2.644829224959578e-15,5.445236639622661e-15,0.7384139179488229,-0.2724777131773085,100.0,91.42857142857143,,0.6102620096560436,0.6464890282131661,1.2193717425930974,0.03253964855279586,0.05994145786041343,0.6246033127781022,-0.16299225433453277,100.0,88.57142857142857,,0.26863426875879953,0.6081139910497764,88.57142857142857,1.6495721976846474,strong,moderate,useful,stable,situational,Useful but target-specific or context-dependent,
rs_opp_fgm,regular_season,feature,1,0.5480100742950684,0.522021206882985,2.623234316545422e-06,3.906944726769778e-06,0.8381160847268355,0.0,0.0,27.142857142857142,,-0.00021505839491617936,0.5141065830721003,-2.2359245542767785,0.7682754644561763,0.7908718016460639,0.9385084102042992,0.0,0.0,48.57142857142857,,0.0022250119725276333,0.5582877676687834,39.464285714285715,10.754389232081106,strong,weak,low,unstable,situational,Mixed evidence; keep for now pending pruning phase,
rs_opp_fga,regular_season,feature,1,0.5337802277670852,0.2282420801272656,0.0012898838704624486,0.0016416703805885709,1.1277371686240973,0.03862513377843243,40.0,51.42857142857142,,-0.00459038157997306,0.6417084639498433,1.0393363593378657,0.013648296931115524,0.02809943485817902,1.6908268903543537,0.016706417428443844,20.0,10.0,,-0.16472337033284667,0.5373755068933121,20.53571428571429,21.531745666075736,strong,moderate,low,mostly_stable,situational,Useful but target-specific or context-dependent,
rs_opp_fgm3,regular_season,feature,1,0.5414693077398991,0.3644351180533759,9.038247061749941e-05,0.0001240543714357835,0.8635914142421001,0.0,0.0,27.142857142857142,,1.8753709948971242e-05,0.5550313479623825,-0.5087438793096788,0.29655749764301864,0.35184787855951366,0.7950322012181202,-0.016288584177770803,20.0,25.71428571428571,,0.028630132968083873,0.5400324400280796,41.25,8.586915572405442,strong,weak,low,unstable,situational,Mixed evidence; keep for now pending pruning phase,
rs_opp_fga3,regular_season,feature,1,0.5075042829566189,-0.026990643932758424,0.5490237098666404,0.5651714660391887,0.9779795650031234,0.23475014935364208,100.0,80.0,,-0.031438451912631935,0.5004545454545455,-0.8316220193304582,0.8673962415920671,0.8799672016151404,0.9646738565928622,-0.002086857627267162,20.0,30.0,,0.017762325909464832,0.5114203869933839,51.78571428571429,25.06878292919344,not_significant,near_noise,low,unstable,low_value,Low signal across statistical and predictive checks,
rs_opp_ftm,regular_season,feature,1,0.578071023970745,1.4063001715464158,7.201590031032661e-14,1.4003091727007953e-13,0.7510846773537495,-0.0150959361816612,40.0,22.857142857142858,,-0.0010042535164746082,0.6332131661442006,1.035839277205926,0.049993607290808345,0.08748881275891461,0.639895823986037,0.0,0.0,48.57142857142857,,0.0011316338674680969,0.61512511242404,48.21428571428571,14.744132927449916,strong,moderate,low,unstable,situational,Useful but target-specific or context-dependent,
rs_opp_fta,regular_season,feature,1,0.5744408104206467,1.345257902847846,2.615346313090398e-13,4.817743208324418e-13,0.7563319633952177,-0.05176667908890089,20.0,55.714285714285715,,-0.0012503825804996663,0.6119435736677116,0.35577374598782097,0.09866158111539494,0.14094511587913564,0.6898603978735269,0.0,0.0,48.57142857142857,,0.0010830353068597355,0.6076416259878217,43.214285714285715,6.271222471936154,strong,moderate,low,unstable,situational,Useful but target-specific or context-dependent,
rs_opp_or,regular_season,feature,1,0.5232220312335535,0.07377884561486049,0.05327919660599736,0.0643024786624106,1.0745873552579497,0.0655066729482777,60.0,57.14285714285714,,-0.0003288045166515131,0.5977429467084638,0.4263317009266127,0.06713894310926005,0.10443835594773786,1.4968810462240432,0.3044156710412174,100.0,72.85714285714285,,-0.5171227988996455,0.5079499420022713,28.57142857142857,22.451762350716727,weak,weak,low,mostly_stable,situational,Mixed evidence; keep for now pending pruning phase,
rs_opp_dr,regular_season,feature,1,0.6037337570328838,2.4341969735125617,2.2666318026811935e-22,5.8764528217660565e-22,0.6845942600752648,0.018251516341330952,60.0,58.57142857142858,,-0.0775980384649926,0.7135109717868338,4.158640398674408,0.0007341157990129846,0.0021411710804545383,0.4667436652858687,-0.015570664764776138,20.0,21.428571428571427,,-0.18570094335066367,0.6415575947424912,49.64285714285714,19.38795649734281,strong,strong,low,mostly_stable,situational,Useful but target-specific or context-dependent,
rs_opp_ast,regular_season,feature,1,0.5533051279743152,0.5354125327121327,2.167068355836219e-06,3.297712715402942e-06,0.8368190913584359,-0.08434494522579768,100.0,20.0,,-0.10651531643190996,0.5665360501567398,-0.7377224943216268,0.33379857836122995,0.3894316747547683,0.8077728328819069,0.0,0.0,48.57142857142857,,0.0038268941333134054,0.5866215093161911,46.07142857142857,15.8234842263398,strong,weak,low,unstable,situational,Mixed evidence; keep for now pending pruning phase,
rs_opp_to,regular_season,feature,1,0.5198554392001147,0.0849748860346157,0.042216140408139514,0.051844382957364314,1.0785762595041843,0.008911346387167684,20.0,41.42857142857143,,-0.033993178303254316,0.5249686520376176,-1.6730811692654384,0.42281792926623607,0.4773750814296214,1.182770675431297,0.0,0.0,48.57142857142857,,0.004449784206918792,0.5157413376457565,45.892857142857146,3.608439182435159,weak,near_noise,low,unstable,situational,Mixed evidence; keep for now pending pruning phase,
rs_opp_stl,regular_season,feature,1,0.5470236964070793,0.5079607286484503,4.637891771327025e-06,6.625559673324322e-06,0.841810009302713,-0.13540660399676294,100.0,17.142857142857142,,-0.2935842645147312,0.5541222570532915,-0.5373049956204203,0.2874261556595168,0.3468936361407961,1.247945741520435,0.13920244425388228,80.0,87.14285714285714,,-0.19978457523825136,0.5408141000551254,63.92857142857143,35.65530844640336,strong,weak,low,unstable,situational,Mixed evidence; keep for now pending pruning phase,
rs_opp_blk,regular_season,feature,1,0.5081389273485772,-0.04399950573395099,0.9645071621887841,0.9645071621887841,1.0016545667646897,0.25536994110404077,100.0,61.42857142857143,,-1.0750900284738383,0.5458307210031348,-0.575946591790732,0.1885929819833786,0.2444723840525278,1.3074370066683332,0.20981943709763212,100.0,92.85714285714286,,1.3112707467529021,0.5349870211873392,51.42857142857143,21.618208500602222,not_significant,near_noise,core_level,mostly_stable,situational,Mixed evidence; keep for now pending pruning phase,
rs_opp_pf,regular_season,feature,1,0.5210468560455058,0.05122474755469943,0.11556980097223819,0.13262108308289627,0.9431420313133609,-0.08672752903519966,60.0,70.0,,-0.20462940489350195,0.5344043887147336,-0.7780098564200926,0.6780767623671551,0.7191723237227402,0.9147705922449286,-0.2038464674294007,80.0,97.14285714285714,,-0.2494428037183602,0.5195062494764591,68.21428571428572,16.211033867326876,not_significant,near_noise,low,mostly_stable,low_value,Low signal across statistical and predictive checks,
rs_win_pct,regular_season,feature,1,0.6758298362403141,8.103697128145809,7.900596556487418e-62,5.0276523541283573e-61,2.0891925136680203,0.07444255403293723,100.0,4.285714285714286,,-0.01735969648200885,0.872742946708464,15.352497833400532,1.620036993791707e-08,1.890043159423658e-07,4.55004252298989,0.0,0.0,48.57142857142857,,0.0028429236766917285,0.77370098000001,48.92857142857142,25.67208839282421,strong,strong,low,unstable,situational,Useful but target-specific or context-dependent,
rs_fg_pct,regular_season,feature,1,0.6112275618081722,2.9719978845414055,2.7339349368642616e-26,7.973976899187429e-26,1.5253829835526105,0.048935197697749386,40.0,5.714285714285714,,0.005403786870270802,0.7342006269592476,6.176803558038885,1.9488877830095395e-05,9.744438915047696e-05,2.4081021127840843,0.05922648210239327,40.0,5.714285714285714,,-0.1255694753072057,0.6646644600518762,45.17857142857143,22.78471598051916,strong,strong,low,mostly_stable,situational,Useful but target-specific or context-dependent,
rs_fg3_pct,regular_season,feature,1,0.5567310169884659,0.6897828147683839,3.33760443294059e-08,5.433309541996309e-08,1.2320359033294161,-0.19055210553405724,100.0,75.71428571428571,,0.020314623210307737,0.6803918495297807,2.608336165482666,0.0021078539346948547,0.004918325847621328,1.9665594350470077,0.0809932649237075,60.0,2.857142857142857,,-0.3166809061719262,0.5871623134163114,18.928571428571427,38.27765106989418,strong,moderate,low,unstable,situational,Useful but target-specific or context-dependent,
rs_ft_pct,regular_season,feature,1,0.5366200530481744,0.18692093688085046,0.0008908356616869704,0.0011547869688534802,1.1321551406303225,0.1789361948852965,100.0,67.14285714285714,,0.02470675029011846,0.6265203761755487,-0.3421948360920842,0.07697816944412562,0.11714069263236508,1.471096130177477,0.45412208878786514,100.0,95.71428571428572,,-1.0279555259613784,0.5499246796176305,59.285714285714285,19.17073307942921,strong,near_noise,low,mostly_stable,situational,Mixed evidence; keep for now pending pruning phase,
rs_fg2_pct,regular_season,feature,1,0.5951568893327828,2.1820503780704996,4.953578990171862e-20,1.1956914803863115e-19,1.4314499166219703,-0.04047435348072005,40.0,44.285714285714285,,-0.03558327824663422,0.6811442006269592,2.5955540463390747,0.000880322895693164,0.002386861481208441,1.9469603950749448,0.0529679741686662,20.0,1.4285714285714286,,-0.9613463258152709,0.6365309258175205,34.64285714285714,22.48298676505306,strong,moderate,low,mostly_stable,situational,Useful but target-specific or context-dependent,
rs_efg_pct,regular_season,feature,1,0.6001606971991345,2.3102976515399702,2.304355591272265e-21,5.760888978180662e-21,1.4487162178647932,0.18037813738408076,80.0,88.57142857142857,,-0.022252260381576613,0.7063479623824451,4.848566700227221,0.000127224289513847,0.0004947611258871829,2.295867655880983,0.007850089609736304,20.0,15.714285714285714,,-0.04009512834535005,0.646554127843417,54.464285714285715,36.45321878605435,strong,strong,low,unstable,situational,Useful but target-specific or context-dependent,
rs_to_rate,regular_season,feature,1,0.6186537346857808,3.426805538945151,1.5191098397070684e-30,5.3168844389747396e-30,0.6307662118976299,-0.06812685713000224,60.0,42.857142857142854,,0.0044956438443336895,0.6263949843260188,-0.28907746924201555,0.061391113479730426,0.10231852246621738,0.6557748774111158,0.0,0.0,48.57142857142857,,-0.001226165779097605,0.6059250536991063,42.5,3.406925719346234,strong,strong,low,unstable,situational,Useful but target-specific or context-dependent,
rs_or_pct,regular_season,feature,1,0.6274816024568479,3.3347693274943984,1.570200960868926e-29,5.23400320289642e-29,1.5667003683472922,0.16841656324244383,60.0,68.57142857142857,,-0.05151026388808644,0.7464890282131661,6.417148589505422,9.824514852066244e-05,0.00042982252477789817,2.723597424266498,0.15218248264177778,80.0,11.428571428571429,,-0.19394682678128344,0.6322051146723212,32.49999999999999,28.89769074878207,strong,strong,low,unstable,situational,Useful but target-specific or context-dependent,
rs_dr_pct,regular_season,feature,1,0.5249287840880243,0.08542144246628566,0.03536722605775792,0.044209032572197396,1.0815013122088915,0.11294891006435528,80.0,14.285714285714285,,0.007214313051309039,0.5213793103448277,-1.1165392834277323,0.7304788688021899,0.7631868778530342,0.9281542719678881,0.0,0.0,48.57142857142857,,0.0031440624690700194,0.5408626464336902,17.5,18.93530877401652,moderate,near_noise,low,mostly_stable,situational,Mixed evidence; keep for now pending pruning phase,
rs_ft_rate,regular_season,feature,1,0.5477169233582952,0.4500881002014373,1.3354096350595177e-05,1.869573489083325e-05,0.8492678609793857,0.06862535874207751,100.0,52.85714285714286,,-0.00393216529674901,0.5507210031347962,-1.3446879329197712,0.377514696992716,0.4332135867129528,0.824641219338948,-0.035637195634576936,40.0,74.28571428571429,,0.3872111853738088,0.5423266435260904,55.714285714285715,11.635039736067254,strong,weak,useful,stable,situational,Mixed evidence; keep for now pending pruning phase,
rs_ast_to_ratio,regular_season,feature,1,0.6438818613631828,4.557471811746381,1.966775507401308e-38,9.833877537006539e-38,1.7040160742851194,-0.11754276659170829,60.0,81.42857142857143,,0.09074465838141407,0.7031347962382446,2.932967805893041,0.0008865485501631352,0.002386861481208441,1.8429799284409776,0.0,0.0,48.57142857142857,,-0.00011566527510880235,0.6512525821308857,80.71428571428571,18.767282284703384,strong,strong,low,mostly_stable,situational,Useful but target-specific or context-dependent,
rs_opp_fg_pct,regular_season,feature,1,0.615234513605204,3.1556567566884226,6.010982792140039e-28,1.91258543386274e-27,0.6479213103719402,0.0,0.0,27.142857142857142,,-4.576458019439458e-05,0.7139341692789969,3.91236555256116,0.0005673127583433535,0.0018910425278111786,0.4571767405134085,0.0,0.0,48.57142857142857,,0.004843032032042739,0.6474449890410447,55.53571428571429,14.79774355385693,strong,strong,low,unstable,situational,Useful but target-specific or context-dependent,
rs_opp_fg3_pct,regular_season,feature,1,0.5689061874137038,1.135519743017106,1.0473396350226962e-11,1.8328443612897186e-11,0.7721613288342446,0.03713920380072196,40.0,50.0,,-0.035554338529781224,0.6245454545454545,1.0482911776147974,0.016002130955433753,0.032004261910867506,0.5902061129066647,-0.054038777710776434,40.0,70.0,,-0.8915021844007089,0.5786636578613764,61.07142857142857,10.019114385075383,strong,moderate,low,unstable,situational,Useful but target-specific or context-dependent,
rs_opp_ft_pct,regular_season,feature,1,0.5168958292551775,0.016996210554082992,0.08031288914523188,0.0936983706694372,0.9370004736106433,0.0749919998827723,100.0,38.57142857142858,,-0.002574385530670825,0.6024451410658307,-0.6448390280727689,0.11265480620457596,0.15462424381020232,0.7084139884926449,-0.17806164086794365,100.0,77.14285714285715,,0.6140797195790222,0.53361875377737,53.92857142857143,19.418633662885075,weak,near_noise,useful,mostly_stable,situational,Mixed evidence; keep for now pending pruning phase,
rs_opp_fg2_pct,regular_season,feature,1,0.6108555863709343,2.8496179864871327,2.0126735418143053e-25,5.4187364587308215e-25,0.6637043450168739,0.3386832967103444,100.0,94.28571428571428,,0.0616004640919682,0.6912382445141065,2.893549781674117,0.0009784823115047251,0.002536805992790028,0.4710190022849491,-0.050103954570501194,40.0,4.285714285714286,,-0.14292364714061861,0.639749370188302,67.14285714285714,46.16592376425281,strong,moderate,low,unstable,situational,Useful but target-specific or context-dependent,
rs_opp_efg_pct,regular_season,feature,1,0.6212870921665593,3.540189350536427,1.0058361670808827e-30,3.9115850942034334e-30,0.6302709452942318,0.0023032811252087586,40.0,37.142857142857146,,0.00014567558643499367,0.7321003134796238,5.168399694571183,0.00016138463813435613,0.0005945749826002595,0.4230768273690207,-0.010414968277159391,20.0,27.142857142857142,,-0.049148661188755285,0.6543563043250566,56.607142857142854,14.983338251873912,strong,strong,low,unstable,situational,Useful but target-specific or context-dependent,
rs_opp_to_rate,regular_season,feature,1,0.5179831787087166,0.036941942064853205,0.12791651619214706,0.14212946243571895,1.0582667174345106,-0.09083663485626207,60.0,64.28571428571429,,-0.0012287926803350399,0.5188087774294671,-1.9760017778716916,0.95834201982091,0.95834201982091,1.0112718792221127,0.0,0.0,48.57142857142857,,0.006135430376567754,0.516289574153416,54.285714285714285,7.953949089757179,not_significant,near_noise,low,unstable,low_value,Low signal across statistical and predictive checks,
rs_opp_ft_rate,regular_season,feature,1,0.5771863320697599,1.3831579559059728,1.460227935912651e-13,2.7625933922671777e-13,0.7537663939014148,0.42614930089307845,100.0,98.57142857142858,,0.2540416701929292,0.6554075235109718,1.2691276891331207,0.019610776741594015,0.03813206588643281,0.5721291004548495,0.0,0.0,48.57142857142857,,0.003112214354461338,0.607785605229255,43.57142857142857,30.413812651491106,strong,moderate,situational,unstable,situational,Useful but target-specific or context-dependent,
lms_slope,engineered_lms,feature,1,0.5825082956237876,1.3857278947836662,3.434310127081828e-14,6.868620254163657e-14,0.7476019502460526,0.10958215346762819,80.0,60.0,,-0.08442071697847134,0.6374294670846395,0.512763726420879,0.06398249318918829,0.10415754705216698,0.6834721386950127,0.026194336131678347,20.0,8.571428571428571,,-0.285185152692389,0.584940463963339,66.42857142857143,31.71138982917588,strong,moderate,low,unstable,situational,Useful but target-specific or context-dependent,
lms_r2,engineered_lms,feature,1,0.5545591757672053,0.4392517428193729,1.642919032216257e-06,2.555651827891955e-06,1.197384223174152,0.10858724225650034,80.0,45.714285714285715,,0.029455372743307683,0.5960815047021943,-0.08762297946790507,0.10188562303259771,0.1426398722456368,1.4355965232917045,0.01584418740059997,20.0,67.14285714285714,,-0.058446978311742045,0.550134836227097,40.0,14.309504001254016,strong,weak,low,stable,situational,Mixed evidence; keep for now pending pruning phase,
lms_residual_std,engineered_lms,feature,1,0.5327474124845626,0.25382738147162676,0.0003564367679120031,0.0004707655425252871,1.142945012080292,0.1131685039887332,60.0,65.71428571428571,,0.1382804117518101,0.5955799373040753,-0.479140636989549,0.1456216110946064,0.19602909185812398,1.3532903013849973,0.06944736626489925,60.0,78.57142857142857,,-0.23241456489577125,0.5312097485875942,68.57142857142857,6.7511651803608705,strong,weak,situational,unstable,situational,Useful but target-specific or context-dependent,
lms_consistency,engineered_lms,feature,1,0.5559099085969191,0.46198820160244486,6.921372135337735e-07,1.101127385167367e-06,0.8293000440331573,-0.07846265121786254,80.0,40.0,,-0.001992197240169865,0.5960815047021943,0.2301050037352589,0.08429061586690531,0.12292381480590357,0.6503596639971757,-5.435542974987498e-06,20.0,65.71428571428571,,0.0017439354094613401,0.550134836227097,53.92857142857142,12.872015207814353,strong,weak,low,stable,situational,Mixed evidence; keep for now pending pruning phase,
lms_margin_vs_weak_surplus,engineered_lms,feature,1,0.5683375079360317,0.9827673880917017,7.72046325529091e-11,1.3181278728545457e-10,1.280482980089873,-0.07493180509208536,100.0,54.285714285714285,,0.0776037441222687,0.6848275862068965,2.2472692185557532,0.008700775416513469,0.01845619027745281,1.741788167071353,0.2357171416156346,100.0,12.857142857142856,,-0.8144554045536514,0.5693164317990062,31.428571428571427,20.75119863761993,strong,moderate,low,mostly_stable,situational,Useful but target-specific or context-dependent,
